Handle,Title,Body (HTML),Vendor,Type,Tags,Published,Option1 Name,Option1 Value,Option2 Name,Option2 Value,Option3 Name,Option3 Value,Variant SKU,Variant Grams,Variant Inventory Tracker,Variant Inventory Policy,Variant Fulfillment Service,Variant Price,Variant Compare At Price,Variant Requires Shipping,Variant Taxable,Variant Barcode,Image Src,Image Position,Image Alt Text,Gift Card,SEO Title,SEO Description,Google Shopping / Google Product Category,Google Shopping / Gender,Google Shopping / Age Group,Google Shopping / MPN,Google Shopping / AdWords Grouping,Google Shopping / AdWords Labels,Google Shopping / Condition,Google Shopping / Custom Product,Google Shopping / Custom Label 0,Google Shopping / Custom Label 1,Google Shopping / Custom Label 2,Google Shopping / Custom Label 3,Google Shopping / Custom Label 4,Variant Image,Variant Weight Unit,Variant Tax Code,Cost per item
1001g10,Basic 10oz Goblet,"<p>Merchandise Connection - 10oz Goblet</p>
<div>Packed 48/cs<br> ‚âà√≠‚àö¬∂
<div></div>
</div>",Merchandise Connection,Glassware/Stemware,"",false,Title,Default,,,,,1001G10,27,,deny,manual,114.00,336.00,true,true,,https://cdn.shopify.com/s/files/1/0218/1566/products/10102011103547am1206.jpeg?v=1571438498,1,Basic 10oz Goblet - iFoodservice Online,false,,,,,,,,,,,,,,,,,lb,,
1001m07,Basic 7oz Margarita Glass,"7oz Margarita Glass<div>Packed 48/cs</div>",Merchandise Connection,Glassware/Stemware,"Basic Margarita Glass, Margarita Glass",false,Title,Default,,,,,,23,,deny,manual,126.00,336.00,true,true,,https://cdn.shopify.com/s/files/1/0218/1566/products/10102011103510am6176.jpeg?v=1571438498,1,Basic 7oz Margarita Glass - iFoodservice Online,false,,,,,,,,,,,,,,,,,lb,,
1001r08,Basic 8oz Wine Glass,"8oz Wine Glass<div>Packed 48/cs</div>",Merchandise Connection,Glassware/Stemware,"8oz Wine Glass, All Purpose Wine Glass, Basic 8oz Wine Glass",false,Title,Default,,,,,,18,,deny,manual,126.00,336.00,true,true,,https://cdn.shopify.com/s/files/1/0218/1566/products/10102011103528am1230.jpeg?v=1571438498,1,Basic 8oz Wine Glass - iFoodservice Online,false,,,,,,,,,,,,,,,,,lb,,
1001x09,Basic 9oz Brandy Glass,"9oz Brandy Glass<div>Packed 48/cs</div>",Merchandise Connection,Glassware/Stemware,"9oz Brandy, 9oz Snifter, Basic 9oz Brandy Glass, Brandy Snifter, Cognac Glass",false,Title,Default,,,,,,18,,deny,manual,126.00,336.00,true,true,,https://cdn.shopify.com/s/files/1/0218/1566/products/10102011103452am2634.jpeg?v=1571438498,1,Basic 9oz Brandy Glass - iFoodservice Online,false,,,,,,,,,,,,,,,,,lb,,
eurodib-15000-the-chef-mandoline,"15000 Mandoline ""The Chef""","<p>This sturdy stainless steel mandoline allows you to cut even the most delicate fruits and vegetables with precision. You can choose from a variety of cutting shapes and thickness allowing you to make chips, matchsticks or waffle-cuts easily and you can slice and shred with ease. Julienne vegetables or cut perfect French fries. With only one lever for adjustment, this chef-style mandoline is easy to operate. The reversible stand features 2 support handles for double use, for holding the mandoline in your hand and the other for supporting it on the countertop. It also boasts a non-skid support of maximum safety</p><section class=""product-details row""><section class=""product-specifications""><h4>SPECIFICATIONS</h4><article>Multi-cuts: Julienne cuts, waffle cuts, slice or crinkle cuts. Precise thickness adjustment until 12.7 mm (0.5 in). Complete mandoline with guard, stand, 4 Julienne blades (2, 4, 7, and 10 mm), and blade storage box.</article><ul><li><span class=""spec-title"">Material:Œæ</span>Mandoline: 18/10 stainless steel; Guard: black polycarbonate; Blades: special hard stainless steel (razor sharp).</li><li><span class=""spec-title"">Origin:Œæ</span>France</li><li><span class=""spec-title"">Warranty:Œæ</span>3 months</li></ul></section></section><p>Œæ</p><p>Œæ</p>",Eurodib,Kitchen Tools,"Best Mandoline, Chef Mandoline, Commercial Mandoline, Mandoline, Professional Mandoline, The Chef Mandoline",true,Title,Default Title,,,,,'15000,2268,,deny,manual,168.93,284.00,true,true,'3700265020511,https://cdn.shopify.com/s/files/1/0218/1566/products/15000.jpg?v=1579699264,1,"15000 Mandoline ""The Chef"" - iFoodservice Online",false,Best Price on The Chef Mandoline Item 15000,,,,,,,,,,,,,,,,lb,,134.90
accessories-contour-bowl-32-oz-18-case,"Accessories, Contour Bowl  32 Oz.(18/Case)","<h3 style=""text-align: left;"">Detail</h3>
<p>Brand: 10 Strawberry Street</p>
<p>Item number: A19481</p><h3 style=""text-align: left;"">Shipment</h3>
<p>Sold As Case of 18</p>
<p>Usually ships in 2 to 5 business days</p>
<h3>Specifications</h3>
<table border=""0"" cellpadding=""0"" cellspacing=""0"" width=""261"">
<colgroup><col width=""87"" span=""3""></colgroup>
<tbody>
<tr height=""107"">
<td height=""107"" class=""xl81"" width=""87"" style=""text-align: center;"">Dimensions</td>
<td height=""107"" class=""xl81"" width=""87"" style=""text-align: center;"">Capacity</td>
<td class=""xl82"" width=""87"" style=""text-align: center;"">Product Weight</td>
<td class=""xl81"" width=""87"" style=""text-align: center;"">Ship Weight</td>
</tr>
<tr height=""20"">
<td height=""20"" class=""xl83"" style=""text-align: center;"">8"" X 7.25"" X 3.5""</td>
<td height=""20"" class=""xl83"" style=""text-align: center;"">32 Oz.</td>
<td class=""xl84"" style=""text-align: center;"">2.08</td>
<td class=""xl84"" style=""text-align: center;"">38.94</td>
</tr>
</tbody>
</table>",10 Strawberry Street,Dinnerware,Whittier,true,Title,Default Title,,,,,A19481,17663,,deny,manual,181.45,353.70,true,true,,https://cdn.shopify.com/s/files/1/0218/1566/products/A19481_6ed974ab-e528-49be-9422-1dfa73f9750f.jpg?v=1571438520,1,"Accessories, Contour Bowl  32 Oz.(18/Case) - iFoodservice Online",false,,,,,,,,,,,,,,,,,lb,,
accessories-oval-platter-24-case,"Accessories, Oval Platter   (24/Case)","<h3 style=""text-align: left;"">Detail</h3>
<p>Brand: 10 Strawberry Street</p>
<p>Item number: A5102</p><h3 style=""text-align: left;"">Shipment</h3>
<p>Sold As Case of 24</p>
<p>Usually ships in 2 to 5 business days</p>
<h3>Specifications</h3>
<table border=""0"" cellpadding=""0"" cellspacing=""0"" width=""261"">
<colgroup><col width=""87"" span=""3""></colgroup>
<tbody>
<tr height=""107"">
<td height=""107"" class=""xl81"" width=""87"" style=""text-align: center;"">Dimensions</td>
<td height=""107"" class=""xl81"" width=""87"" style=""text-align: center;"">Capacity</td>
<td class=""xl82"" width=""87"" style=""text-align: center;"">Product Weight</td>
<td class=""xl81"" width=""87"" style=""text-align: center;"">Ship Weight</td>
</tr>
<tr height=""20"">
<td height=""20"" class=""xl83"" style=""text-align: center;"">12.5"" X 5.75"" X 1.25""</td>
<td height=""20"" class=""xl83"" style=""text-align: center;""> </td>
<td class=""xl84"" style=""text-align: center;"">1.29</td>
<td class=""xl84"" style=""text-align: center;"">32.46</td>
</tr>
</tbody>
</table>",10 Strawberry Street,Dinnerware,Whittier,true,Title,Default Title,,,,,A5102,14724,,deny,manual,186.77,364.08,true,true,,https://cdn.shopify.com/s/files/1/0218/1566/products/A5102_7e082922-888f-4362-b9aa-c61fe6b1c66e.jpg?v=1571438520,1,"Accessories, Oval Platter   (24/Case) - iFoodservice Online",false,,,,,,,,,,,,,,,,,lb,,
accessories-wavy-footed-bowl-5-oz-48-case,"Accessories, Wavy Footed Bowl  5 Oz.(48/Case)","<h3 style=""text-align: left;"">Detail</h3>
<p>Brand: 10 Strawberry Street</p>
<p>Item number: A6424</p><h3 style=""text-align: left;"">Shipment</h3>
<p>Sold As Case of 48</p>
<p>Usually ships in 2 to 5 business days</p>
<h3>Specifications</h3>
<table border=""0"" cellpadding=""0"" cellspacing=""0"" width=""261"">
<colgroup><col width=""87"" span=""3""></colgroup>
<tbody>
<tr height=""107"">
<td height=""107"" class=""xl81"" width=""87"" style=""text-align: center;"">Dimensions</td>
<td height=""107"" class=""xl81"" width=""87"" style=""text-align: center;"">Capacity</td>
<td class=""xl82"" width=""87"" style=""text-align: center;"">Product Weight</td>
<td class=""xl81"" width=""87"" style=""text-align: center;"">Ship Weight</td>
</tr>
<tr height=""20"">
<td height=""20"" class=""xl83"" style=""text-align: center;"">4.5"" X 4.5"" X 2.5""</td>
<td height=""20"" class=""xl83"" style=""text-align: center;"">5 Oz.</td>
<td class=""xl84"" style=""text-align: center;"">0.64</td>
<td class=""xl84"" style=""text-align: center;"">32.22</td>
</tr>
</tbody>
</table>",10 Strawberry Street,Dinnerware,Whittier,true,Title,Default Title,,,,,A6424,14615,,deny,manual,230.48,449.28,true,true,,https://cdn.shopify.com/s/files/1/0218/1566/products/A6424_6bd94f50-141e-46f6-8f07-55e076c0f162.jpg?v=1571438520,1,"Accessories, Wavy Footed Bowl  5 Oz.(48/Case) - iFoodservice Online",false,,,,,,,,,,,,,,,,,lb,,
arctic-10recpltr-dinnerware-rectangular-platter-24-case,"ARCTIC-10RECPLTR, DINNERWARE, Rectangular Platter  (24/Case)","<h3 style=""text-align: left;"">Detail</h3>
<p>Brand: 10 Strawberry Street</p>
<p>Item number: ARCTIC-10RECPLTR</p><h3 style=""text-align: left;"">Shipment</h3>
<p>Sold As Case of 24</p>
<p>Usually ships in 2 to 5 business days</p>
<h3>Specifications</h3>
<table border=""0"" cellpadding=""0"" cellspacing=""0"" width=""261"">
<colgroup><col width=""87"" span=""3""></colgroup>
<tbody>
<tr height=""107"">
<td height=""107"" class=""xl81"" width=""87"" style=""text-align: center;"">Dimensions</td>
<td height=""107"" class=""xl81"" width=""87"" style=""text-align: center;"">Capacity</td>
<td class=""xl82"" width=""87"" style=""text-align: center;"">Product Weight</td>
<td class=""xl81"" width=""87"" style=""text-align: center;"">Ship Weight</td>
</tr>
<tr height=""20"">
<td height=""20"" class=""xl83"" style=""text-align: center;"">10"" X 6.375""</td>
<td height=""20"" class=""xl83"" style=""text-align: center;""> </td>
<td class=""xl84"" style=""text-align: center;"">1.45</td>
<td class=""xl84"" style=""text-align: center;"">35.3</td>
</tr>
</tbody>
</table>",10 Strawberry Street,Dinnerware,ARCTIC BLUE,true,Title,Default Title,,,,,ARCTIC-10RECPLTR,16012,,deny,manual,298.44,581.76,true,true,,https://cdn.shopify.com/s/files/1/0218/1566/products/ARCTIC-10RECPLTR_5541de25-8b91-4943-ab45-e7488c6664f3.jpg?v=1571438520,1,"ARCTIC-10RECPLTR, DINNERWARE, Rectangular Platter  (24/Case) - iFoodservice Online",false,,,,,,,,,,,,,,,,,lb,,
arctic-14recpltr-dinnerware-rectangular-platter-15-case,"ARCTIC-14RECPLTR, DINNERWARE, Rectangular Platter  (15/Case)","<h3 style=""text-align: left;"">Detail</h3>
<p>Brand: 10 Strawberry Street</p>
<p>Item number: ARCTIC-14RECPLTR</p><h3 style=""text-align: left;"">Shipment</h3>
<p>Sold As Case of 15</p>
<p>Usually ships in 2 to 5 business days</p>
<h3>Specifications</h3>
<table border=""0"" cellpadding=""0"" cellspacing=""0"" width=""261"">
<colgroup><col width=""87"" span=""3""></colgroup>
<tbody>
<tr height=""107"">
<td height=""107"" class=""xl81"" width=""87"" style=""text-align: center;"">Dimensions</td>
<td height=""107"" class=""xl81"" width=""87"" style=""text-align: center;"">Capacity</td>
<td class=""xl82"" width=""87"" style=""text-align: center;"">Product Weight</td>
<td class=""xl81"" width=""87"" style=""text-align: center;"">Ship Weight</td>
</tr>
<tr height=""20"">
<td height=""20"" class=""xl83"" style=""text-align: center;"">14"" X 7.75""</td>
<td height=""20"" class=""xl83"" style=""text-align: center;""> </td>
<td class=""xl84"" style=""text-align: center;"">2.75</td>
<td class=""xl84"" style=""text-align: center;"">41.9</td>
</tr>
</tbody>
</table>",10 Strawberry Street,Dinnerware,ARCTIC BLUE,true,Title,Default Title,,,,,ARCTIC-14RECPLTR,19006,,deny,manual,315.80,615.60,true,true,,https://cdn.shopify.com/s/files/1/0218/1566/products/ARCTIC-14RECPLTR_1e8b41a3-072d-4765-8a36-a240373f5a8e.jpg?v=1571438520,1,"ARCTIC-14RECPLTR, DINNERWARE, Rectangular Platter  (15/Case) - iFoodservice Online",false,,,,,,,,,,,,,,,,,lb,,
arctic-15recpltr-dinnerware-rectangular-platter-18-case,"ARCTIC-15RECPLTR, DINNERWARE, Rectangular Platter  (18/Case)","<h3 style=""text-align: left;"">Detail</h3>
<p>Brand: 10 Strawberry Street</p>
<p>Item number: ARCTIC-15RECPLTR</p><h3 style=""text-align: left;"">Shipment</h3>
<p>Sold As Case of 18</p>
<p>Usually ships in 2 to 5 business days</p>
<h3>Specifications</h3>
<table border=""0"" cellpadding=""0"" cellspacing=""0"" width=""261"">
<colgroup><col width=""87"" span=""3""></colgroup>
<tbody>
<tr height=""107"">
<td height=""107"" class=""xl81"" width=""87"" style=""text-align: center;"">Dimensions</td>
<td height=""107"" class=""xl81"" width=""87"" style=""text-align: center;"">Capacity</td>
<td class=""xl82"" width=""87"" style=""text-align: center;"">Product Weight</td>
<td class=""xl81"" width=""87"" style=""text-align: center;"">Ship Weight</td>
</tr>
<tr height=""20"">
<td height=""20"" class=""xl83"" style=""text-align: center;"">14.875"" X 6.5""</td>
<td height=""20"" class=""xl83"" style=""text-align: center;""> </td>
<td class=""xl84"" style=""text-align: center;"">2.4</td>
<td class=""xl84"" style=""text-align: center;"">44.1</td>
</tr>
</tbody>
</table>",10 Strawberry Street,Dinnerware,ARCTIC BLUE,true,Title,Default Title,,,,,ARCTIC-15RECPLTR,20003,,deny,manual,378.87,738.54,true,true,,https://cdn.shopify.com/s/files/1/0218/1566/products/ARCTIC-15RECPLTR_ce3201af-a874-49fa-a214-f8263eca655c.jpg?v=1571438520,1,"ARCTIC-15RECPLTR, DINNERWARE, Rectangular Platter  (18/Case) - iFoodservice Online",false,,,,,,,,,,,,,,,,,lb,,
arctic-5sambwl-dinnerware-samurai-bowl-2-oz-96-case,"ARCTIC-5SAMBWL, DINNERWARE,  Samurai Bowl 2 Oz.(96/Case)","<h3 style=""text-align: left;"">Detail</h3>
<p>Brand: 10 Strawberry Street</p>
<p>Item number: ARCTIC-5SAMBWL</p><h3 style=""text-align: left;"">Shipment</h3>
<p>Sold As Case of 96</p>
<p>Usually ships in 2 to 5 business days</p>
<h3>Specifications</h3>
<table border=""0"" cellpadding=""0"" cellspacing=""0"" width=""261"">
<colgroup><col width=""87"" span=""3""></colgroup>
<tbody>
<tr height=""107"">
<td height=""107"" class=""xl81"" width=""87"" style=""text-align: center;"">Dimensions</td>
<td height=""107"" class=""xl81"" width=""87"" style=""text-align: center;"">Capacity</td>
<td class=""xl82"" width=""87"" style=""text-align: center;"">Product Weight</td>
<td class=""xl81"" width=""87"" style=""text-align: center;"">Ship Weight</td>
</tr>
<tr height=""20"">
<td height=""20"" class=""xl83"" style=""text-align: center;"">5""</td>
<td height=""20"" class=""xl83"" style=""text-align: center;"">2 Oz.</td>
<td class=""xl84"" style=""text-align: center;"">0.4</td>
<td class=""xl84"" style=""text-align: center;"">39.7</td>
</tr>
</tbody>
</table>",10 Strawberry Street,Dinnerware,ARCTIC BLUE,true,Title,Default Title,,,,,ARCTIC-5SAMBWL,18008,,deny,manual,266.92,520.32,true,true,,https://cdn.shopify.com/s/files/1/0218/1566/products/ARCTIC-5SAMBWL_7f80dabd-6ef9-4f0c-8f0e-68c97821d7a0.jpg?v=1571438521,1,"ARCTIC-5SAMBWL, DINNERWARE,  Samurai Bowl 2 Oz.(96/Case) - iFoodservice Online",false,,,,,,,,,,,,,,,,,lb,,
arctic-7skillet-dinnerware-skillet-20-oz-16-case,"ARCTIC-7SKILLET, DINNERWARE,  Skillet 20 Oz.(16/Case)","<h3 style=""text-align: left;"">Detail</h3>
<p>Brand: 10 Strawberry Street</p>
<p>Item number: ARCTIC-7SKILLET</p><h3 style=""text-align: left;"">Shipment</h3>
<p>Sold As Case of 16</p>
<p>Usually ships in 2 to 5 business days</p>
<h3>Specifications</h3>
<table border=""0"" cellpadding=""0"" cellspacing=""0"" width=""261"">
<colgroup><col width=""87"" span=""3""></colgroup>
<tbody>
<tr height=""107"">
<td height=""107"" class=""xl81"" width=""87"" style=""text-align: center;"">Dimensions</td>
<td height=""107"" class=""xl81"" width=""87"" style=""text-align: center;"">Capacity</td>
<td class=""xl82"" width=""87"" style=""text-align: center;"">Product Weight</td>
<td class=""xl81"" width=""87"" style=""text-align: center;"">Ship Weight</td>
</tr>
<tr height=""20"">
<td height=""20"" class=""xl83"" style=""text-align: center;"">7""</td>
<td height=""20"" class=""xl83"" style=""text-align: center;"">20 Oz.</td>
<td class=""xl84"" style=""text-align: center;"">2</td>
<td class=""xl84"" style=""text-align: center;"">33.1</td>
</tr>
</tbody>
</table>",10 Strawberry Street,Dinnerware,ARCTIC BLUE,true,Title,Default Title,,,,,ARCTIC-7SKILLET,15014,,deny,manual,177.95,346.88,true,true,,https://cdn.shopify.com/s/files/1/0218/1566/products/ARCTIC-7SKILLET_deb945fb-05fa-4a99-9a75-3cdbb582fe1f.jpg?v=1571438521,1,"ARCTIC-7SKILLET, DINNERWARE,  Skillet 20 Oz.(16/Case) - iFoodservice Online",false,,,,,,,,,,,,,,,,,lb,,
arctic-9s-dinnerware-6-saucer-72-case,"ARCTIC-9S, DINNERWARE, 6"" Saucer  (72/Case)","<h3 style=""text-align: left;"">Detail</h3>
<p>Brand: 10 Strawberry Street</p>
<p>Item number: ARCTIC-9S</p><h3 style=""text-align: left;"">Shipment</h3>
<p>Sold As Case of 72</p>
<p>Usually ships in 2 to 5 business days</p>
<h3>Specifications</h3>
<table border=""0"" cellpadding=""0"" cellspacing=""0"" width=""261"">
<colgroup><col width=""87"" span=""3""></colgroup>
<tbody>
<tr height=""107"">
<td height=""107"" class=""xl81"" width=""87"" style=""text-align: center;"">Dimensions</td>
<td height=""107"" class=""xl81"" width=""87"" style=""text-align: center;"">Capacity</td>
<td class=""xl82"" width=""87"" style=""text-align: center;"">Product Weight</td>
<td class=""xl81"" width=""87"" style=""text-align: center;"">Ship Weight</td>
</tr>
<tr height=""20"">
<td height=""20"" class=""xl83"" style=""text-align: center;""></td>
<td height=""20"" class=""xl83"" style=""text-align: center;""> </td>
<td class=""xl84"" style=""text-align: center;"">0.6</td>
<td class=""xl84"" style=""text-align: center;"">44.1</td>
</tr>
</tbody>
</table>",10 Strawberry Street,Dinnerware,ARCTIC BLUE,true,Title,Default Title,,,,,ARCTIC-9S,20003,,deny,manual,204.99,399.60,true,true,,https://cdn.shopify.com/s/files/1/0218/1566/products/ARCTIC-9S_0cf672aa-9295-4d93-a215-7160984fd10e.jpg?v=1571438521,1,"ARCTIC-9S, DINNERWARE, 6"" Saucer  (72/Case) - iFoodservice Online",false,,,,,,,,,,,,,,,,,lb,,
ath-1g-dinnerware-dinner-plate-24-case,"ATH-1G, Dinnerware, Dinner Plate  (24/Case)","<h3 style=""text-align: left;"">Detail</h3>
<p>Brand: 10 Strawberry Street</p>
<p>Item number: ATH-1G</p><h3 style=""text-align: left;"">Shipment</h3>
<p>Sold As Case of 24</p>
<p>Usually ships in 2 to 5 business days</p>
<h3>Specifications</h3>
<table border=""0"" cellpadding=""0"" cellspacing=""0"" width=""261"">
<colgroup><col width=""87"" span=""3""></colgroup>
<tbody>
<tr height=""107"">
<td height=""107"" class=""xl81"" width=""87"" style=""text-align: center;"">Dimensions</td>
<td height=""107"" class=""xl81"" width=""87"" style=""text-align: center;"">Capacity</td>
<td class=""xl82"" width=""87"" style=""text-align: center;"">Product Weight</td>
<td class=""xl81"" width=""87"" style=""text-align: center;"">Ship Weight</td>
</tr>
<tr height=""20"">
<td height=""20"" class=""xl83"" style=""text-align: center;""> 10.75""</td>
<td height=""20"" class=""xl83"" style=""text-align: center;""> </td>
<td class=""xl84"" style=""text-align: center;"">1.55</td>
<td class=""xl84"" style=""text-align: center;"">38.7</td>
</tr>
</tbody>
</table>",10 Strawberry Street,Dinnerware,Athens,true,Title,Default Title,,,,,ATH-1G,17554,,deny,manual,229.62,447.60,true,true,,https://cdn.shopify.com/s/files/1/0218/1566/products/ATH-1G_5fe8644d-f3ce-4acf-99a7-3e176cc936fa.jpg?v=1571438521,1,"ATH-1G, Dinnerware, Dinner Plate  (24/Case) - iFoodservice Online",false,,,,,,,,,,,,,,,,,lb,,
ath-1p-dinnerware-dinner-plate-24-case,"ATH-1P, Dinnerware, Dinner Plate  (24/Case)","<h3 style=""text-align: left;"">Detail</h3>
<p>Brand: 10 Strawberry Street</p>
<p>Item number: ATH-1P</p><h3 style=""text-align: left;"">Shipment</h3>
<p>Sold As Case of 24</p>
<p>Usually ships in 2 to 5 business days</p>
<h3>Specifications</h3>
<table border=""0"" cellpadding=""0"" cellspacing=""0"" width=""261"">
<colgroup><col width=""87"" span=""3""></colgroup>
<tbody>
<tr height=""107"">
<td height=""107"" class=""xl81"" width=""87"" style=""text-align: center;"">Dimensions</td>
<td height=""107"" class=""xl81"" width=""87"" style=""text-align: center;"">Capacity</td>
<td class=""xl82"" width=""87"" style=""text-align: center;"">Product Weight</td>
<td class=""xl81"" width=""87"" style=""text-align: center;"">Ship Weight</td>
</tr>
<tr height=""20"">
<td height=""20"" class=""xl83"" style=""text-align: center;""> 10.75""</td>
<td height=""20"" class=""xl83"" style=""text-align: center;""> </td>
<td class=""xl84"" style=""text-align: center;"">1.55</td>
<td class=""xl84"" style=""text-align: center;"">38.7</td>
</tr>
</tbody>
</table>",10 Strawberry Street,Dinnerware,Athens,true,Title,Default Title,,,,,ATH-1P,17554,,deny,manual,229.62,447.60,true,true,,https://cdn.shopify.com/s/files/1/0218/1566/products/ATH-1P_1af8a826-1cbd-4f7a-a0d8-f4cef524490b.jpg?v=1571438521,1,"ATH-1P, Dinnerware, Dinner Plate  (24/Case) - iFoodservice Online",false,,,,,,,,,,,,,,,,,lb,,
ath-24g-dinnerware-charger-plate-12-case,"ATH-24G, Dinnerware, Charger Plate  (12/Case)","<h3 style=""text-align: left;"">Detail</h3>
<p>Brand: 10 Strawberry Street</p>
<p>Item number: ATH-24G</p><h3 style=""text-align: left;"">Shipment</h3>
<p>Sold As Case of 12</p>
<p>Usually ships in 2 to 5 business days</p>
<h3>Specifications</h3>
<table border=""0"" cellpadding=""0"" cellspacing=""0"" width=""261"">
<colgroup><col width=""87"" span=""3""></colgroup>
<tbody>
<tr height=""107"">
<td height=""107"" class=""xl81"" width=""87"" style=""text-align: center;"">Dimensions</td>
<td height=""107"" class=""xl81"" width=""87"" style=""text-align: center;"">Capacity</td>
<td class=""xl82"" width=""87"" style=""text-align: center;"">Product Weight</td>
<td class=""xl81"" width=""87"" style=""text-align: center;"">Ship Weight</td>
</tr>
<tr height=""20"">
<td height=""20"" class=""xl83"" style=""text-align: center;""> 11.875""</td>
<td height=""20"" class=""xl83"" style=""text-align: center;""> </td>
<td class=""xl84"" style=""text-align: center;"">2.25</td>
<td class=""xl84"" style=""text-align: center;"">28.5</td>
</tr>
</tbody>
</table>",10 Strawberry Street,Dinnerware,Athens,true,Title,Default Title,,,,,ATH-24G,12927,,deny,manual,219.95,428.76,true,true,,https://cdn.shopify.com/s/files/1/0218/1566/products/ATH-24G_620902e5-e974-428e-9a04-0d629f48a03a.jpg?v=1571438521,1,"ATH-24G, Dinnerware, Charger Plate  (12/Case) - iFoodservice Online",false,,,,,,,,,,,,,,,,,lb,,
ath-24p-dinnerware-charger-plate-12-case,"ATH-24P, Dinnerware, Charger Plate  (12/Case)","<h3 style=""text-align: left;"">Detail</h3>
<p>Brand: 10 Strawberry Street</p>
<p>Item number: ATH-24P</p><h3 style=""text-align: left;"">Shipment</h3>
<p>Sold As Case of 12</p>
<p>Usually ships in 2 to 5 business days</p>
<h3>Specifications</h3>
<table border=""0"" cellpadding=""0"" cellspacing=""0"" width=""261"">
<colgroup><col width=""87"" span=""3""></colgroup>
<tbody>
<tr height=""107"">
<td height=""107"" class=""xl81"" width=""87"" style=""text-align: center;"">Dimensions</td>
<td height=""107"" class=""xl81"" width=""87"" style=""text-align: center;"">Capacity</td>
<td class=""xl82"" width=""87"" style=""text-align: center;"">Product Weight</td>
<td class=""xl81"" width=""87"" style=""text-align: center;"">Ship Weight</td>
</tr>
<tr height=""20"">
<td height=""20"" class=""xl83"" style=""text-align: center;""> 11.875""</td>
<td height=""20"" class=""xl83"" style=""text-align: center;""> </td>
<td class=""xl84"" style=""text-align: center;"">2.25</td>
<td class=""xl84"" style=""text-align: center;"">28.5</td>
</tr>
</tbody>
</table>",10 Strawberry Street,Dinnerware,Athens,true,Title,Default Title,,,,,ATH-24P,12927,,deny,manual,219.89,428.64,true,true,,https://cdn.shopify.com/s/files/1/0218/1566/products/ATH-24P_881171b5-7c89-4eb4-a0ed-2c1f059b83d9.jpg?v=1571438521,1,"ATH-24P, Dinnerware, Charger Plate  (12/Case) - iFoodservice Online",false,,,,,,,,,,,,,,,,,lb,,
ath-2g-dinnerware-luncheon-plate-24-case,"ATH-2G, Dinnerware, Luncheon Plate  (24/Case)","<h3 style=""text-align: left;"">Detail</h3>
<p>Brand: 10 Strawberry Street</p>
<p>Item number: ATH-2G</p><h3 style=""text-align: left;"">Shipment</h3>
<p>Sold As Case of 24</p>
<p>Usually ships in 2 to 5 business days</p>
<h3>Specifications</h3>
<table border=""0"" cellpadding=""0"" cellspacing=""0"" width=""261"">
<colgroup><col width=""87"" span=""3""></colgroup>
<tbody>
<tr height=""107"">
<td height=""107"" class=""xl81"" width=""87"" style=""text-align: center;"">Dimensions</td>
<td height=""107"" class=""xl81"" width=""87"" style=""text-align: center;"">Capacity</td>
<td class=""xl82"" width=""87"" style=""text-align: center;"">Product Weight</td>
<td class=""xl81"" width=""87"" style=""text-align: center;"">Ship Weight</td>
</tr>
<tr height=""20"">
<td height=""20"" class=""xl83"" style=""text-align: center;""> 9.125""</td>
<td height=""20"" class=""xl83"" style=""text-align: center;""> </td>
<td class=""xl84"" style=""text-align: center;"">1.08</td>
<td class=""xl84"" style=""text-align: center;"">27.42</td>
</tr>
</tbody>
</table>",10 Strawberry Street,Dinnerware,Athens,true,Title,Default Title,,,,,ATH-2G,12438,,deny,manual,229.62,447.60,true,true,,https://cdn.shopify.com/s/files/1/0218/1566/products/ATH-2G_42e9e98f-a444-4ce3-9c93-016b4d448ceb.jpg?v=1571438521,1,"ATH-2G, Dinnerware, Luncheon Plate  (24/Case) - iFoodservice Online",false,,,,,,,,,,,,,,,,,lb,,
ath-2p-dinnerware-luncheon-plate-24-case,"ATH-2P, Dinnerware, Luncheon Plate  (24/Case)","<h3 style=""text-align: left;"">Detail</h3>
<p>Brand: 10 Strawberry Street</p>
<p>Item number: ATH-2P</p><h3 style=""text-align: left;"">Shipment</h3>
<p>Sold As Case of 24</p>
<p>Usually ships in 2 to 5 business days</p>
<h3>Specifications</h3>
<table border=""0"" cellpadding=""0"" cellspacing=""0"" width=""261"">
<colgroup><col width=""87"" span=""3""></colgroup>
<tbody>
<tr height=""107"">
<td height=""107"" class=""xl81"" width=""87"" style=""text-align: center;"">Dimensions</td>
<td height=""107"" class=""xl81"" width=""87"" style=""text-align: center;"">Capacity</td>
<td class=""xl82"" width=""87"" style=""text-align: center;"">Product Weight</td>
<td class=""xl81"" width=""87"" style=""text-align: center;"">Ship Weight</td>
</tr>
<tr height=""20"">
<td height=""20"" class=""xl83"" style=""text-align: center;""> 9.125""</td>
<td height=""20"" class=""xl83"" style=""text-align: center;""> </td>
<td class=""xl84"" style=""text-align: center;"">1.08</td>
<td class=""xl84"" style=""text-align: center;"">27.42</td>
</tr>
</tbody>
</table>",10 Strawberry Street,Dinnerware,Athens,true,Title,Default Title,,,,,ATH-2P,12438,,deny,manual,229.62,447.60,true,true,,https://cdn.shopify.com/s/files/1/0218/1566/products/ATH-2P_4d5cf51f-a67e-42fb-aee0-1059198dcb79.jpg?v=1571438521,1,"ATH-2P, Dinnerware, Luncheon Plate  (24/Case) - iFoodservice Online",false,,,,,,,,,,,,,,,,,lb,,
ath-3g-dinnerware-rim-soup-8-oz-24-case,"ATH-3G, Dinnerware, Rim Soup 8 Oz.(24/Case)","<h3 style=""text-align: left;"">Detail</h3>
<p>Brand: 10 Strawberry Street</p>
<p>Item number: ATH-3G</p><h3 style=""text-align: left;"">Shipment</h3>
<p>Sold As Case of 24</p>
<p>Usually ships in 2 to 5 business days</p>
<h3>Specifications</h3>
<table border=""0"" cellpadding=""0"" cellspacing=""0"" width=""261"">
<colgroup><col width=""87"" span=""3""></colgroup>
<tbody>
<tr height=""107"">
<td height=""107"" class=""xl81"" width=""87"" style=""text-align: center;"">Dimensions</td>
<td height=""107"" class=""xl81"" width=""87"" style=""text-align: center;"">Capacity</td>
<td class=""xl82"" width=""87"" style=""text-align: center;"">Product Weight</td>
<td class=""xl81"" width=""87"" style=""text-align: center;"">Ship Weight</td>
</tr>
<tr height=""20"">
<td height=""20"" class=""xl83"" style=""text-align: center;""> 9.25""</td>
<td height=""20"" class=""xl83"" style=""text-align: center;"">8 Oz.</td>
<td class=""xl84"" style=""text-align: center;"">1.09</td>
<td class=""xl84"" style=""text-align: center;"">27.66</td>
</tr>
</tbody>
</table>",10 Strawberry Street,Dinnerware,Athens,true,Title,Default Title,,,,,ATH-3G,12546,,deny,manual,229.62,447.60,true,true,,https://cdn.shopify.com/s/files/1/0218/1566/products/ATH-3G_c83d9f15-fa8e-4a3c-b250-b55baa3f68f3.jpg?v=1571438521,1,"ATH-3G, Dinnerware, Rim Soup 8 Oz.(24/Case) - iFoodservice Online",false,,,,,,,,,,,,,,,,,lb,,
ath-3p-dinnerware-rim-soup-8-oz-24-case,"ATH-3P, Dinnerware, Rim Soup 8 Oz.(24/Case)","<h3 style=""text-align: left;"">Detail</h3>
<p>Brand: 10 Strawberry Street</p>
<p>Item number: ATH-3P</p><h3 style=""text-align: left;"">Shipment</h3>
<p>Sold As Case of 24</p>
<p>Usually ships in 2 to 5 business days</p>
<h3>Specifications</h3>
<table border=""0"" cellpadding=""0"" cellspacing=""0"" width=""261"">
<colgroup><col width=""87"" span=""3""></colgroup>
<tbody>
<tr height=""107"">
<td height=""107"" class=""xl81"" width=""87"" style=""text-align: center;"">Dimensions</td>
<td height=""107"" class=""xl81"" width=""87"" style=""text-align: center;"">Capacity</td>
<td class=""xl82"" width=""87"" style=""text-align: center;"">Product Weight</td>
<td class=""xl81"" width=""87"" style=""text-align: center;"">Ship Weight</td>
</tr>
<tr height=""20"">
<td height=""20"" class=""xl83"" style=""text-align: center;""> 9.25""</td>
<td height=""20"" class=""xl83"" style=""text-align: center;"">8 Oz.</td>
<td class=""xl84"" style=""text-align: center;"">1.25</td>
<td class=""xl84"" style=""text-align: center;"">31.5</td>
</tr>
</tbody>
</table>",10 Strawberry Street,Dinnerware,Athens,true,Title,Default Title,,,,,ATH-3P,14288,,deny,manual,229.62,447.60,true,true,,https://cdn.shopify.com/s/files/1/0218/1566/products/ATH-3P_93e4bc53-8f40-4cf9-9583-a71b2611509e.jpg?v=1571438521,1,"ATH-3P, Dinnerware, Rim Soup 8 Oz.(24/Case) - iFoodservice Online",false,,,,,,,,,,,,,,,,,lb,,
ath-4g-dinnerware-salad-dessert-plate-24-case,"ATH-4G, Dinnerware, Salad/Dessert Plate  (24/Case)","<h3 style=""text-align: left;"">Detail</h3>
<p>Brand: 10 Strawberry Street</p>
<p>Item number: ATH-4G</p><h3 style=""text-align: left;"">Shipment</h3>
<p>Sold As Case of 24</p>
<p>Usually ships in 2 to 5 business days</p>
<h3>Specifications</h3>
<table border=""0"" cellpadding=""0"" cellspacing=""0"" width=""261"">
<colgroup><col width=""87"" span=""3""></colgroup>
<tbody>
<tr height=""107"">
<td height=""107"" class=""xl81"" width=""87"" style=""text-align: center;"">Dimensions</td>
<td height=""107"" class=""xl81"" width=""87"" style=""text-align: center;"">Capacity</td>
<td class=""xl82"" width=""87"" style=""text-align: center;"">Product Weight</td>
<td class=""xl81"" width=""87"" style=""text-align: center;"">Ship Weight</td>
</tr>
<tr height=""20"">
<td height=""20"" class=""xl83"" style=""text-align: center;""> 8""</td>
<td height=""20"" class=""xl83"" style=""text-align: center;""> </td>
<td class=""xl84"" style=""text-align: center;"">0.8</td>
<td class=""xl84"" style=""text-align: center;"">20.7</td>
</tr>
</tbody>
</table>",10 Strawberry Street,Dinnerware,Athens,true,Title,Default Title,,,,,ATH-4G,9389,,deny,manual,158.33,308.64,true,true,,https://cdn.shopify.com/s/files/1/0218/1566/products/ATH-4G_7b31a686-ebab-4280-b091-773ebe728baa.jpg?v=1571438521,1,"ATH-4G, Dinnerware, Salad/Dessert Plate  (24/Case) - iFoodservice Online",false,,,,,,,,,,,,,,,,,lb,,
ath-4p-dinnerware-salad-dessert-plate-24-case,"ATH-4P, Dinnerware, Salad/Dessert Plate  (24/Case)","<h3 style=""text-align: left;"">Detail</h3>
<p>Brand: 10 Strawberry Street</p>
<p>Item number: ATH-4P</p><h3 style=""text-align: left;"">Shipment</h3>
<p>Sold As Case of 24</p>
<p>Usually ships in 2 to 5 business days</p>
<h3>Specifications</h3>
<table border=""0"" cellpadding=""0"" cellspacing=""0"" width=""261"">
<colgroup><col width=""87"" span=""3""></colgroup>
<tbody>
<tr height=""107"">
<td height=""107"" class=""xl81"" width=""87"" style=""text-align: center;"">Dimensions</td>
<td height=""107"" class=""xl81"" width=""87"" style=""text-align: center;"">Capacity</td>
<td class=""xl82"" width=""87"" style=""text-align: center;"">Product Weight</td>
<td class=""xl81"" width=""87"" style=""text-align: center;"">Ship Weight</td>
</tr>
<tr height=""20"">
<td height=""20"" class=""xl83"" style=""text-align: center;""> 8""</td>
<td height=""20"" class=""xl83"" style=""text-align: center;""> </td>
<td class=""xl84"" style=""text-align: center;"">0.8</td>
<td class=""xl84"" style=""text-align: center;"">20.7</td>
</tr>
</tbody>
</table>",10 Strawberry Street,Dinnerware,Athens,true,Title,Default Title,,,,,ATH-4P,9389,,deny,manual,158.33,308.64,true,true,,https://cdn.shopify.com/s/files/1/0218/1566/products/ATH-4P_ad898e0c-ed7a-4109-ab7f-09a56f12cc56.jpg?v=1571438521,1,"ATH-4P, Dinnerware, Salad/Dessert Plate  (24/Case) - iFoodservice Online",false,,,,,,,,,,,,,,,,,lb,,
ath-5g-dinnerware-bread-butter-plate-24-case,"ATH-5G, Dinnerware, Bread & Butter Plate  (24/Case)","<h3 style=""text-align: left;"">Detail</h3>
<p>Brand: 10 Strawberry Street</p>
<p>Item number: ATH-5G</p><h3 style=""text-align: left;"">Shipment</h3>
<p>Sold As Case of 24</p>
<p>Usually ships in 2 to 5 business days</p>
<h3>Specifications</h3>
<table border=""0"" cellpadding=""0"" cellspacing=""0"" width=""261"">
<colgroup><col width=""87"" span=""3""></colgroup>
<tbody>
<tr height=""107"">
<td height=""107"" class=""xl81"" width=""87"" style=""text-align: center;"">Dimensions</td>
<td height=""107"" class=""xl81"" width=""87"" style=""text-align: center;"">Capacity</td>
<td class=""xl82"" width=""87"" style=""text-align: center;"">Product Weight</td>
<td class=""xl81"" width=""87"" style=""text-align: center;"">Ship Weight</td>
</tr>
<tr height=""20"">
<td height=""20"" class=""xl83"" style=""text-align: center;""> 7""</td>
<td height=""20"" class=""xl83"" style=""text-align: center;""> </td>
<td class=""xl84"" style=""text-align: center;"">0.71</td>
<td class=""xl84"" style=""text-align: center;"">18.54</td>
</tr>
</tbody>
</table>",10 Strawberry Street,Dinnerware,Athens,true,Title,Default Title,,,,,ATH-5G,8410,,deny,manual,158.33,308.64,true,true,,https://cdn.shopify.com/s/files/1/0218/1566/products/ATH-5G_e4553228-d242-4030-b111-d3b398894850.jpg?v=1571438521,1,"ATH-5G, Dinnerware, Bread & Butter Plate  (24/Case) - iFoodservice Online",false,,,,,,,,,,,,,,,,,lb,,
ath-5p-dinnerware-bread-butter-plate-24-case,"ATH-5P, Dinnerware, Bread & Butter Plate  (24/Case)","<h3 style=""text-align: left;"">Detail</h3>
<p>Brand: 10 Strawberry Street</p>
<p>Item number: ATH-5P</p><h3 style=""text-align: left;"">Shipment</h3>
<p>Sold As Case of 24</p>
<p>Usually ships in 2 to 5 business days</p>
<h3>Specifications</h3>
<table border=""0"" cellpadding=""0"" cellspacing=""0"" width=""261"">
<colgroup><col width=""87"" span=""3""></colgroup>
<tbody>
<tr height=""107"">
<td height=""107"" class=""xl81"" width=""87"" style=""text-align: center;"">Dimensions</td>
<td height=""107"" class=""xl81"" width=""87"" style=""text-align: center;"">Capacity</td>
<td class=""xl82"" width=""87"" style=""text-align: center;"">Product Weight</td>
<td class=""xl81"" width=""87"" style=""text-align: center;"">Ship Weight</td>
</tr>
<tr height=""20"">
<td height=""20"" class=""xl83"" style=""text-align: center;""> 7""</td>
<td height=""20"" class=""xl83"" style=""text-align: center;""> </td>
<td class=""xl84"" style=""text-align: center;"">0.55</td>
<td class=""xl84"" style=""text-align: center;"">14.7</td>
</tr>
</tbody>
</table>",10 Strawberry Street,Dinnerware,Athens,true,Title,Default Title,,,,,ATH-5P,6668,,deny,manual,158.33,308.64,true,true,,https://cdn.shopify.com/s/files/1/0218/1566/products/ATH-5P_3cb7021d-5359-4123-8f85-b1df50dc7229.jpg?v=1571438521,1,"ATH-5P, Dinnerware, Bread & Butter Plate  (24/Case) - iFoodservice Online",false,,,,,,,,,,,,,,,,,lb,,
ath-9g-dinnerware-can-cup-saucer-8-oz-24-case,"ATH-9G, Dinnerware, Can Cup/Saucer 8 Oz.(24/Case)","<h3 style=""text-align: left;"">Detail</h3>
<p>Brand: 10 Strawberry Street</p>
<p>Item number: ATH-9G</p><h3 style=""text-align: left;"">Shipment</h3>
<p>Sold As Case of 24</p>
<p>Usually ships in 2 to 5 business days</p>
<h3>Specifications</h3>
<table border=""0"" cellpadding=""0"" cellspacing=""0"" width=""261"">
<colgroup><col width=""87"" span=""3""></colgroup>
<tbody>
<tr height=""107"">
<td height=""107"" class=""xl81"" width=""87"" style=""text-align: center;"">Dimensions</td>
<td height=""107"" class=""xl81"" width=""87"" style=""text-align: center;"">Capacity</td>
<td class=""xl82"" width=""87"" style=""text-align: center;"">Product Weight</td>
<td class=""xl81"" width=""87"" style=""text-align: center;"">Ship Weight</td>
</tr>
<tr height=""20"">
<td height=""20"" class=""xl83"" style=""text-align: center;""></td>
<td height=""20"" class=""xl83"" style=""text-align: center;"">8 Oz.</td>
<td class=""xl84"" style=""text-align: center;"">0.96</td>
<td class=""xl84"" style=""text-align: center;"">24.54</td>
</tr>
</tbody>
</table>",10 Strawberry Street,Dinnerware,Athens,true,Title,Default Title,,,,,ATH-9G,11131,,deny,manual,229.62,447.60,true,true,,https://cdn.shopify.com/s/files/1/0218/1566/products/ATH-9G_83818423-f8ca-4634-b5c3-7acc94c7a7c4.jpg?v=1571438521,1,"ATH-9G, Dinnerware, Can Cup/Saucer 8 Oz.(24/Case) - iFoodservice Online",false,,,,,,,,,,,,,,,,,lb,,
ath-9p-dinnerware-can-cup-saucer-8-oz-24-case,"ATH-9P, Dinnerware, Can Cup/Saucer 8 Oz.(24/Case)","<h3 style=""text-align: left;"">Detail</h3>
<p>Brand: 10 Strawberry Street</p>
<p>Item number: ATH-9P</p><h3 style=""text-align: left;"">Shipment</h3>
<p>Sold As Case of 24</p>
<p>Usually ships in 2 to 5 business days</p>
<h3>Specifications</h3>
<table border=""0"" cellpadding=""0"" cellspacing=""0"" width=""261"">
<colgroup><col width=""87"" span=""3""></colgroup>
<tbody>
<tr height=""107"">
<td height=""107"" class=""xl81"" width=""87"" style=""text-align: center;"">Dimensions</td>
<td height=""107"" class=""xl81"" width=""87"" style=""text-align: center;"">Capacity</td>
<td class=""xl82"" width=""87"" style=""text-align: center;"">Product Weight</td>
<td class=""xl81"" width=""87"" style=""text-align: center;"">Ship Weight</td>
</tr>
<tr height=""20"">
<td height=""20"" class=""xl83"" style=""text-align: center;""></td>
<td height=""20"" class=""xl83"" style=""text-align: center;"">8 Oz.</td>
<td class=""xl84"" style=""text-align: center;"">1.13</td>
<td class=""xl84"" style=""text-align: center;"">28.62</td>
</tr>
</tbody>
</table>",10 Strawberry Street,Dinnerware,Athens,true,Title,Default Title,,,,,ATH-9P,12982,,deny,manual,229.62,447.60,true,true,,https://cdn.shopify.com/s/files/1/0218/1566/products/ATH-9P_a6ebec92-9ba3-47c1-a150-43fa8fd9cc85.jpg?v=1571438521,1,"ATH-9P, Dinnerware, Can Cup/Saucer 8 Oz.(24/Case) - iFoodservice Online",false,,,,,,,,,,,,,,,,,lb,,
aur-40-dinnerware-dinner-plate-24-case,"AUR-40, Dinnerware, Dinner Plate  (24/Case)","<h3 style=""text-align: left;"">Detail</h3>
<p>Brand: 10 Strawberry Street</p>
<p>Item number: AUR-40</p><h3 style=""text-align: left;"">Shipment</h3>
<p>Sold As Case of 24</p>
<p>Usually ships in 2 to 5 business days</p>
<h3>Specifications</h3>
<table border=""0"" cellpadding=""0"" cellspacing=""0"" width=""261"">
<colgroup><col width=""87"" span=""3""></colgroup>
<tbody>
<tr height=""107"">
<td height=""107"" class=""xl81"" width=""87"" style=""text-align: center;"">Dimensions</td>
<td height=""107"" class=""xl81"" width=""87"" style=""text-align: center;"">Capacity</td>
<td class=""xl82"" width=""87"" style=""text-align: center;"">Product Weight</td>
<td class=""xl81"" width=""87"" style=""text-align: center;"">Ship Weight</td>
</tr>
<tr height=""20"">
<td height=""20"" class=""xl83"" style=""text-align: center;""> 10.75""</td>
<td height=""20"" class=""xl83"" style=""text-align: center;""> </td>
<td class=""xl84"" style=""text-align: center;"">2.08</td>
<td class=""xl84"" style=""text-align: center;"">51.42</td>
</tr>
</tbody>
</table>",10 Strawberry Street,Dinnerware,Aurora Square,true,Title,Default Title,,,,,AUR-40,23324,,deny,manual,203.52,396.72,true,true,,https://cdn.shopify.com/s/files/1/0218/1566/products/AUR-40_5bd0cfc7-f569-4ca7-ab18-3be3f64111e3.jpg?v=1571438521,1,"AUR-40, Dinnerware, Dinner Plate  (24/Case) - iFoodservice Online",false,,,,,,,,,,,,,,,,,lb,,
aur-428-dinnerware-demi-cup-saucer-4-oz-24-case,"AUR-428, Dinnerware, Demi Cup/Saucer 4 Oz.(24/Case)","<h3 style=""text-align: left;"">Detail</h3>
<p>Brand: 10 Strawberry Street</p>
<p>Item number: AUR-428</p><h3 style=""text-align: left;"">Shipment</h3>
<p>Sold As Case of 24</p>
<p>Usually ships in 2 to 5 business days</p>
<h3>Specifications</h3>
<table border=""0"" cellpadding=""0"" cellspacing=""0"" width=""261"">
<colgroup><col width=""87"" span=""3""></colgroup>
<tbody>
<tr height=""107"">
<td height=""107"" class=""xl81"" width=""87"" style=""text-align: center;"">Dimensions</td>
<td height=""107"" class=""xl81"" width=""87"" style=""text-align: center;"">Capacity</td>
<td class=""xl82"" width=""87"" style=""text-align: center;"">Product Weight</td>
<td class=""xl81"" width=""87"" style=""text-align: center;"">Ship Weight</td>
</tr>
<tr height=""20"">
<td height=""20"" class=""xl83"" style=""text-align: center;""></td>
<td height=""20"" class=""xl83"" style=""text-align: center;"">4 Oz.</td>
<td class=""xl84"" style=""text-align: center;"">0.58</td>
<td class=""xl84"" style=""text-align: center;"">15.42</td>
</tr>
</tbody>
</table>",10 Strawberry Street,Dinnerware,Aurora Square,true,Title,Default Title,,,,,AUR-428,6994,,deny,manual,162.52,316.80,true,true,,https://cdn.shopify.com/s/files/1/0218/1566/products/AUR-428_075714c3-1433-404f-af4b-717a3afffa5d.jpg?v=1571438521,1,"AUR-428, Dinnerware, Demi Cup/Saucer 4 Oz.(24/Case) - iFoodservice Online",false,,,,,,,,,,,,,,,,,lb,,
aur-5-dinnerware-bread-butter-plate-48-case,"AUR-5, Dinnerware, Bread & Butter Plate  (48/Case)","<h3 style=""text-align: left;"">Detail</h3>
<p>Brand: 10 Strawberry Street</p>
<p>Item number: AUR-5</p><h3 style=""text-align: left;"">Shipment</h3>
<p>Sold As Case of 48</p>
<p>Usually ships in 2 to 5 business days</p>
<h3>Specifications</h3>
<table border=""0"" cellpadding=""0"" cellspacing=""0"" width=""261"">
<colgroup><col width=""87"" span=""3""></colgroup>
<tbody>
<tr height=""107"">
<td height=""107"" class=""xl81"" width=""87"" style=""text-align: center;"">Dimensions</td>
<td height=""107"" class=""xl81"" width=""87"" style=""text-align: center;"">Capacity</td>
<td class=""xl82"" width=""87"" style=""text-align: center;"">Product Weight</td>
<td class=""xl81"" width=""87"" style=""text-align: center;"">Ship Weight</td>
</tr>
<tr height=""20"">
<td height=""20"" class=""xl83"" style=""text-align: center;""> 6""</td>
<td height=""20"" class=""xl83"" style=""text-align: center;""> </td>
<td class=""xl84"" style=""text-align: center;"">0.92</td>
<td class=""xl84"" style=""text-align: center;"">45.66</td>
</tr>
</tbody>
</table>",10 Strawberry Street,Dinnerware,Aurora Square,true,Title,Default Title,,,,,AUR-5,20711,,deny,manual,232.45,453.12,true,true,,https://cdn.shopify.com/s/files/1/0218/1566/products/AUR-5_eae3f4da-dd93-4459-b7ed-9d9ab53cd32c.jpg?v=1571438521,1,"AUR-5, Dinnerware, Bread & Butter Plate  (48/Case) - iFoodservice Online",false,,,,,,,,,,,,,,,,,lb,,
b4507-izabel-lam-round-plate-48-case,"B4507, Izabel Lam, Round Plate  (48/Case)","<h3 style=""text-align: left;"">Detail</h3>
<p>Brand: 10 Strawberry Street</p>
<p>Item number: B4507</p><h3 style=""text-align: left;"">Shipment</h3>
<p>Sold As Case of 48</p>
<p>Usually ships in 2 to 5 business days</p>
<h3>Specifications</h3>
<table border=""0"" cellpadding=""0"" cellspacing=""0"" width=""261"">
<colgroup><col width=""87"" span=""3""></colgroup>
<tbody>
<tr height=""107"">
<td height=""107"" class=""xl81"" width=""87"" style=""text-align: center;"">Dimensions</td>
<td height=""107"" class=""xl81"" width=""87"" style=""text-align: center;"">Capacity</td>
<td class=""xl82"" width=""87"" style=""text-align: center;"">Product Weight</td>
<td class=""xl81"" width=""87"" style=""text-align: center;"">Ship Weight</td>
</tr>
<tr height=""20"">
<td height=""20"" class=""xl83"" style=""text-align: center;""> 6""</td>
<td height=""20"" class=""xl83"" style=""text-align: center;""> </td>
<td class=""xl84"" style=""text-align: center;"">0.89</td>
<td class=""xl84"" style=""text-align: center;"">44.22</td>
</tr>
</tbody>
</table>",10 Strawberry Street,Dinnerware,Pond,true,Title,Default Title,,,,,B4507,20058,,deny,manual,188.87,368.16,true,true,,https://cdn.shopify.com/s/files/1/0218/1566/products/B4507_15efdd4f-f458-410c-9b15-5c4c3e195951.jpg?v=1571438522,1,"B4507, Izabel Lam, Round Plate  (48/Case) - iFoodservice Online",false,,,,,,,,,,,,,,,,,lb,,
b4508-izabel-lam-round-plate-48-case,"B4508, Izabel Lam, Round Plate  (48/Case)","<h3 style=""text-align: left;"">Detail</h3>
<p>Brand: 10 Strawberry Street</p>
<p>Item number: B4508</p><h3 style=""text-align: left;"">Shipment</h3>
<p>Sold As Case of 48</p>
<p>Usually ships in 2 to 5 business days</p>
<h3>Specifications</h3>
<table border=""0"" cellpadding=""0"" cellspacing=""0"" width=""261"">
<colgroup><col width=""87"" span=""3""></colgroup>
<tbody>
<tr height=""107"">
<td height=""107"" class=""xl81"" width=""87"" style=""text-align: center;"">Dimensions</td>
<td height=""107"" class=""xl81"" width=""87"" style=""text-align: center;"">Capacity</td>
<td class=""xl82"" width=""87"" style=""text-align: center;"">Product Weight</td>
<td class=""xl81"" width=""87"" style=""text-align: center;"">Ship Weight</td>
</tr>
<tr height=""20"">
<td height=""20"" class=""xl83"" style=""text-align: center;""> 7.5""</td>
<td height=""20"" class=""xl83"" style=""text-align: center;""> </td>
<td class=""xl84"" style=""text-align: center;"">1.78</td>
<td class=""xl84"" style=""text-align: center;"">86.94</td>
</tr>
</tbody>
</table>",10 Strawberry Street,Dinnerware,Pond,true,Title,Default Title,,,,,B4508,39435,,deny,manual,226.29,441.12,true,true,,https://cdn.shopify.com/s/files/1/0218/1566/products/B4508_ee02c39d-765f-4e3d-8398-cfc213e2cdcf.jpg?v=1571438522,1,"B4508, Izabel Lam, Round Plate  (48/Case) - iFoodservice Online",false,,,,,,,,,,,,,,,,,lb,,
b4510-izabel-lam-round-plate-24-case,"B4510, Izabel Lam, Round Plate  (24/Case)","<h3 style=""text-align: left;"">Detail</h3>
<p>Brand: 10 Strawberry Street</p>
<p>Item number: B4510</p><h3 style=""text-align: left;"">Shipment</h3>
<p>Sold As Case of 24</p>
<p>Usually ships in 2 to 5 business days</p>
<h3>Specifications</h3>
<table border=""0"" cellpadding=""0"" cellspacing=""0"" width=""261"">
<colgroup><col width=""87"" span=""3""></colgroup>
<tbody>
<tr height=""107"">
<td height=""107"" class=""xl81"" width=""87"" style=""text-align: center;"">Dimensions</td>
<td height=""107"" class=""xl81"" width=""87"" style=""text-align: center;"">Capacity</td>
<td class=""xl82"" width=""87"" style=""text-align: center;"">Product Weight</td>
<td class=""xl81"" width=""87"" style=""text-align: center;"">Ship Weight</td>
</tr>
<tr height=""20"">
<td height=""20"" class=""xl83"" style=""text-align: center;""> 10.5""</td>
<td height=""20"" class=""xl83"" style=""text-align: center;""> </td>
<td class=""xl84"" style=""text-align: center;"">1.89</td>
<td class=""xl84"" style=""text-align: center;"">46.86</td>
</tr>
</tbody>
</table>",10 Strawberry Street,Dinnerware,Pond,true,Title,Default Title,,,,,B4510,21255,,deny,manual,234.05,456.24,true,true,,https://cdn.shopify.com/s/files/1/0218/1566/products/B4510_be81d1f4-4831-497f-93a0-86956c2192ca.jpg?v=1571438522,1,"B4510, Izabel Lam, Round Plate  (24/Case) - iFoodservice Online",false,,,,,,,,,,,,,,,,,lb,,
20-compartment-bread-and-butter-plate-rack-6-case,20-Compartment Bread and Butter Plate Rack  (6/Case),"<h3 style=""text-align: left;"">Detail</h3>
<p>Brand: 10 Strawberry Street</p>
<p>Item number: BB20</p><h3 style=""text-align: left;"">Shipment</h3>
<p>Sold As Case of 6</p>
<p>Usually ships in 2 to 5 business days</p>
<h3>Specifications</h3>
<table border=""0"" cellpadding=""0"" cellspacing=""0"" width=""261"">
<colgroup><col width=""87"" span=""3""></colgroup>
<tbody>
<tr height=""107"">
<td height=""107"" class=""xl81"" width=""87"" style=""text-align: center;"">Dimensions</td>
<td height=""107"" class=""xl81"" width=""87"" style=""text-align: center;"">Capacity</td>
<td class=""xl82"" width=""87"" style=""text-align: center;"">Product Weight</td>
<td class=""xl81"" width=""87"" style=""text-align: center;"">Ship Weight</td>
</tr>
<tr height=""20"">
<td height=""20"" class=""xl83"" style=""text-align: center;""> 21.5"" X 8"" X 8.5""</td>
<td height=""20"" class=""xl83"" style=""text-align: center;""> </td>
<td class=""xl84"" style=""text-align: center;"">6.47</td>
<td class=""xl84"" style=""text-align: center;"">40.32</td>
</tr>
</tbody>
</table>",10 Strawberry Street,Dinnerware Accessories,Other Items,true,Title,Default Title,,,,,BB20,18289,,deny,manual,195.15,380.40,true,true,,https://cdn.shopify.com/s/files/1/0218/1566/products/BB20_4bfa164c-6e2c-4137-ad38-6abd4b0a931e.jpg?v=1571438523,1,20-Compartment Bread and Butter Plate Rack  (6/Case) - iFoodservice Online,false,,,,,,,,,,,,,,,,,lb,,
biseki-10recpltr-hsalt-dinnerware-rectangular-platter-24-case,"BISEKI-10RECPLTR-HSALT, DINNERWARE, Rectangular Platter  (24/Case)","<h3 style=""text-align: left;"">Detail</h3>
<p>Brand: 10 Strawberry Street</p>
<p>Item number: BISEKI-10RECPLTR-HSALT</p><h3 style=""text-align: left;"">Shipment</h3>
<p>Sold As Case of 24</p>
<p>Usually ships in 2 to 5 business days</p>
<h3>Specifications</h3>
<table border=""0"" cellpadding=""0"" cellspacing=""0"" width=""261"">
<colgroup><col width=""87"" span=""3""></colgroup>
<tbody>
<tr height=""107"">
<td height=""107"" class=""xl81"" width=""87"" style=""text-align: center;"">Dimensions</td>
<td height=""107"" class=""xl81"" width=""87"" style=""text-align: center;"">Capacity</td>
<td class=""xl82"" width=""87"" style=""text-align: center;"">Product Weight</td>
<td class=""xl81"" width=""87"" style=""text-align: center;"">Ship Weight</td>
</tr>
<tr height=""20"">
<td height=""20"" class=""xl83"" style=""text-align: center;"">10"" X 6.375""</td>
<td height=""20"" class=""xl83"" style=""text-align: center;""> </td>
<td class=""xl84"" style=""text-align: center;"">1.6</td>
<td class=""xl84"" style=""text-align: center;"">39.7</td>
</tr>
</tbody>
</table>",10 Strawberry Street,Dinnerware,HIMALAYAN SALT,true,Title,Default Title,,,,,BISEKI-10RECPLTR-HSALT,18008,,deny,manual,298.44,581.76,true,true,,https://cdn.shopify.com/s/files/1/0218/1566/products/BISEKI-10RECPLTR-HSALT_a494b986-3485-4064-b6ba-ae759294b53f.jpg?v=1571438523,1,"BISEKI-10RECPLTR-HSALT, DINNERWARE, Rectangular Platter  (24/Case) - iFoodservice Online",false,,,,,,,,,,,,,,,,,lb,,
biseki-14recpltr-hsalt-dinnerware-rectangular-platter-15-case,"BISEKI-14RECPLTR-HSALT, DINNERWARE, Rectangular Platter  (15/Case)","<h3 style=""text-align: left;"">Detail</h3>
<p>Brand: 10 Strawberry Street</p>
<p>Item number: BISEKI-14RECPLTR-HSALT</p><h3 style=""text-align: left;"">Shipment</h3>
<p>Sold As Case of 15</p>
<p>Usually ships in 2 to 5 business days</p>
<h3>Specifications</h3>
<table border=""0"" cellpadding=""0"" cellspacing=""0"" width=""261"">
<colgroup><col width=""87"" span=""3""></colgroup>
<tbody>
<tr height=""107"">
<td height=""107"" class=""xl81"" width=""87"" style=""text-align: center;"">Dimensions</td>
<td height=""107"" class=""xl81"" width=""87"" style=""text-align: center;"">Capacity</td>
<td class=""xl82"" width=""87"" style=""text-align: center;"">Product Weight</td>
<td class=""xl81"" width=""87"" style=""text-align: center;"">Ship Weight</td>
</tr>
<tr height=""20"">
<td height=""20"" class=""xl83"" style=""text-align: center;"">14"" X 7.75""</td>
<td height=""20"" class=""xl83"" style=""text-align: center;""> </td>
<td class=""xl84"" style=""text-align: center;"">2.75</td>
<td class=""xl84"" style=""text-align: center;"">41.9</td>
</tr>
</tbody>
</table>",10 Strawberry Street,Dinnerware,HIMALAYAN SALT,true,Title,Default Title,,,,,BISEKI-14RECPLTR-HSALT,19006,,deny,manual,309.26,602.85,true,true,,https://cdn.shopify.com/s/files/1/0218/1566/products/BISEKI-14RECPLTR-HSALT_bc321525-9481-4380-86f0-306893ae080a.jpg?v=1571438523,1,"BISEKI-14RECPLTR-HSALT, DINNERWARE, Rectangular Platter  (15/Case) - iFoodservice Online",false,,,,,,,,,,,,,,,,,lb,,
16-compartment-cup-rack-8-case,16-Compartment Cup Rack  (8/Case),"<h3 style=""text-align: left;"">Detail</h3>
<p>Brand: 10 Strawberry Street</p>
<p>Item number: CUP16</p><h3 style=""text-align: left;"">Shipment</h3>
<p>Sold As Case of 8</p>
<p>Usually ships in 2 to 5 business days</p>
<h3>Specifications</h3>
<table border=""0"" cellpadding=""0"" cellspacing=""0"" width=""261"">
<colgroup><col width=""87"" span=""3""></colgroup>
<tbody>
<tr height=""107"">
<td height=""107"" class=""xl81"" width=""87"" style=""text-align: center;"">Dimensions</td>
<td height=""107"" class=""xl81"" width=""87"" style=""text-align: center;"">Capacity</td>
<td class=""xl82"" width=""87"" style=""text-align: center;"">Product Weight</td>
<td class=""xl81"" width=""87"" style=""text-align: center;"">Ship Weight</td>
</tr>
<tr height=""20"">
<td height=""20"" class=""xl83"" style=""text-align: center;""> 20.5"" X 18.75"" X 4""</td>
<td height=""20"" class=""xl83"" style=""text-align: center;""> </td>
<td class=""xl84"" style=""text-align: center;"">6</td>
<td class=""xl84"" style=""text-align: center;"">49.5</td>
</tr>
</tbody>
</table>",10 Strawberry Street,Dinnerware Accessories,Other Items,true,Title,Default Title,,,,,CUP16,22453,,deny,manual,237.58,463.12,true,true,,https://cdn.shopify.com/s/files/1/0218/1566/products/CUP16_6504b18a-750b-4423-8e5f-21adb20ffe1d.jpg?v=1571438527,1,16-Compartment Cup Rack  (8/Case) - iFoodservice Online,false,,,,,,,,,,,,,,,,,lb,,
bakeware-delano-white-square-bakeware-4-case,"Bakeware, Delano White Square Bakeware  (4/Case)","<h3 style=""text-align: left;"">Detail</h3>
<p>Brand: 10 Strawberry Street</p>
<p>Item number: DEL-10SQ</p><h3 style=""text-align: left;"">Shipment</h3>
<p>Sold As Case of 4</p>
<p>Usually ships in 2 to 5 business days</p>
<h3>Specifications</h3>
<table border=""0"" cellpadding=""0"" cellspacing=""0"" width=""261"">
<colgroup><col width=""87"" span=""3""></colgroup>
<tbody>
<tr height=""107"">
<td height=""107"" class=""xl81"" width=""87"" style=""text-align: center;"">Dimensions</td>
<td height=""107"" class=""xl81"" width=""87"" style=""text-align: center;"">Capacity</td>
<td class=""xl82"" width=""87"" style=""text-align: center;"">Product Weight</td>
<td class=""xl81"" width=""87"" style=""text-align: center;"">Ship Weight</td>
</tr>
<tr height=""20"">
<td height=""20"" class=""xl83"" style=""text-align: center;""></td>
<td height=""20"" class=""xl83"" style=""text-align: center;""> </td>
<td class=""xl84"" style=""text-align: center;"">4.25</td>
<td class=""xl84"" style=""text-align: center;"">18.5</td>
</tr>
</tbody>
</table>",10 Strawberry Street,Bakeware,Delano,true,Title,Default Title,,,,,DEL-10SQ,8391,,deny,manual,49.68,96.84,true,true,,https://cdn.shopify.com/s/files/1/0218/1566/products/DEL-10SQ_9f51a28e-c23b-464f-9ca1-a90d6e60549e.jpg?v=1571438527,1,"Bakeware, Delano White Square Bakeware  (4/Case) - iFoodservice Online",false,,,,,,,,,,,,,,,,,lb,,
bakeware-delano-white-round-bakeware-with-lid-2-case,"Bakeware, Delano White Round Bakeware With Lid  (2/Case)","<h3 style=""text-align: left;"">Detail</h3>
<p>Brand: 10 Strawberry Street</p>
<p>Item number: DEL-12RD</p><h3 style=""text-align: left;"">Shipment</h3>
<p>Sold As Case of 2</p>
<p>Usually ships in 2 to 5 business days</p>
<h3>Specifications</h3>
<table border=""0"" cellpadding=""0"" cellspacing=""0"" width=""261"">
<colgroup><col width=""87"" span=""3""></colgroup>
<tbody>
<tr height=""107"">
<td height=""107"" class=""xl81"" width=""87"" style=""text-align: center;"">Dimensions</td>
<td height=""107"" class=""xl81"" width=""87"" style=""text-align: center;"">Capacity</td>
<td class=""xl82"" width=""87"" style=""text-align: center;"">Product Weight</td>
<td class=""xl81"" width=""87"" style=""text-align: center;"">Ship Weight</td>
</tr>
<tr height=""20"">
<td height=""20"" class=""xl83"" style=""text-align: center;""></td>
<td height=""20"" class=""xl83"" style=""text-align: center;""> </td>
<td class=""xl84"" style=""text-align: center;"">6.38</td>
<td class=""xl84"" style=""text-align: center;"">14.26</td>
</tr>
</tbody>
</table>",10 Strawberry Street,Bakeware,Delano,true,Title,Default Title,,,,,DEL-12RD,6468,,deny,manual,44.13,86.02,true,true,,https://cdn.shopify.com/s/files/1/0218/1566/products/DEL-12RD_401d79f9-4af0-434b-a57c-c4a6b7edb7d2.jpg?v=1571438527,1,"Bakeware, Delano White Round Bakeware With Lid  (2/Case) - iFoodservice Online",false,,,,,,,,,,,,,,,,,lb,,
bakeware-delano-white-rectangular-bakeware-12-4-case,"Bakeware, Delano White Rectangular Bakeware 12""  (4/Case)","<h3 style=""text-align: left;"">Detail</h3>
<p>Brand: 10 Strawberry Street</p>
<p>Item number: DEL-12REC</p><h3 style=""text-align: left;"">Shipment</h3>
<p>Sold As Case of 4</p>
<p>Usually ships in 2 to 5 business days</p>
<h3>Specifications</h3>
<table border=""0"" cellpadding=""0"" cellspacing=""0"" width=""261"">
<colgroup><col width=""87"" span=""3""></colgroup>
<tbody>
<tr height=""107"">
<td height=""107"" class=""xl81"" width=""87"" style=""text-align: center;"">Dimensions</td>
<td height=""107"" class=""xl81"" width=""87"" style=""text-align: center;"">Capacity</td>
<td class=""xl82"" width=""87"" style=""text-align: center;"">Product Weight</td>
<td class=""xl81"" width=""87"" style=""text-align: center;"">Ship Weight</td>
</tr>
<tr height=""20"">
<td height=""20"" class=""xl83"" style=""text-align: center;""></td>
<td height=""20"" class=""xl83"" style=""text-align: center;""> </td>
<td class=""xl84"" style=""text-align: center;"">4.63</td>
<td class=""xl84"" style=""text-align: center;"">20.02</td>
</tr>
</tbody>
</table>",10 Strawberry Street,Bakeware,Delano,true,Title,Default Title,,,,,DEL-12REC,9081,,deny,manual,49.68,96.84,true,true,,https://cdn.shopify.com/s/files/1/0218/1566/products/DEL-12REC_db66491b-4800-41c7-a0ef-6f7c9665be38.jpg?v=1571438527,1,"Bakeware, Delano White Rectangular Bakeware 12""  (4/Case) - iFoodservice Online",false,,,,,,,,,,,,,,,,,lb,,
bakeware-delano-white-oval-bakeware-12-4-case,"Bakeware, Delano White Oval Bakeware 12""  (4/Case)","<h3 style=""text-align: left;"">Detail</h3>
<p>Brand: 10 Strawberry Street</p>
<p>Item number: DEL-13OVAL</p><h3 style=""text-align: left;"">Shipment</h3>
<p>Sold As Case of 4</p>
<p>Usually ships in 2 to 5 business days</p>
<h3>Specifications</h3>
<table border=""0"" cellpadding=""0"" cellspacing=""0"" width=""261"">
<colgroup><col width=""87"" span=""3""></colgroup>
<tbody>
<tr height=""107"">
<td height=""107"" class=""xl81"" width=""87"" style=""text-align: center;"">Dimensions</td>
<td height=""107"" class=""xl81"" width=""87"" style=""text-align: center;"">Capacity</td>
<td class=""xl82"" width=""87"" style=""text-align: center;"">Product Weight</td>
<td class=""xl81"" width=""87"" style=""text-align: center;"">Ship Weight</td>
</tr>
<tr height=""20"">
<td height=""20"" class=""xl83"" style=""text-align: center;""></td>
<td height=""20"" class=""xl83"" style=""text-align: center;""> </td>
<td class=""xl84"" style=""text-align: center;"">3.88</td>
<td class=""xl84"" style=""text-align: center;"">17.02</td>
</tr>
</tbody>
</table>",10 Strawberry Street,Bakeware,Delano,true,Title,Default Title,,,,,DEL-13OVAL,7720,,deny,manual,49.68,96.84,true,true,,https://cdn.shopify.com/s/files/1/0218/1566/products/DEL-13OVAL_2d0423c9-cfc5-4a51-b367-3628246fc755.jpg?v=1571438527,1,"Bakeware, Delano White Oval Bakeware 12""  (4/Case) - iFoodservice Online",false,,,,,,,,,,,,,,,,,lb,,
bakeware-delano-white-rd-bakeware-with-lid-6-case,"Bakeware, Delano White Rd Bakeware With Lid  (6/Case)","<h3 style=""text-align: left;"">Detail</h3>
<p>Brand: 10 Strawberry Street</p>
<p>Item number: DEL-8RD</p><h3 style=""text-align: left;"">Shipment</h3>
<p>Sold As Case of 6</p>
<p>Usually ships in 2 to 5 business days</p>
<h3>Specifications</h3>
<table border=""0"" cellpadding=""0"" cellspacing=""0"" width=""261"">
<colgroup><col width=""87"" span=""3""></colgroup>
<tbody>
<tr height=""107"">
<td height=""107"" class=""xl81"" width=""87"" style=""text-align: center;"">Dimensions</td>
<td height=""107"" class=""xl81"" width=""87"" style=""text-align: center;"">Capacity</td>
<td class=""xl82"" width=""87"" style=""text-align: center;"">Product Weight</td>
<td class=""xl81"" width=""87"" style=""text-align: center;"">Ship Weight</td>
</tr>
<tr height=""20"">
<td height=""20"" class=""xl83"" style=""text-align: center;""></td>
<td height=""20"" class=""xl83"" style=""text-align: center;""> </td>
<td class=""xl84"" style=""text-align: center;"">2.5</td>
<td class=""xl84"" style=""text-align: center;"">16.5</td>
</tr>
</tbody>
</table>",10 Strawberry Street,Bakeware,Delano,true,Title,Default Title,,,,,DEL-8RD,7484,,deny,manual,55.59,108.36,true,true,,https://cdn.shopify.com/s/files/1/0218/1566/products/DEL-8RD_f60295e0-a705-4f2f-bb8b-b1a62869397f.jpg?v=1571438527,1,"Bakeware, Delano White Rd Bakeware With Lid  (6/Case) - iFoodservice Online",false,,,,,,,,,,,,,,,,,lb,,
20-compartment-dinner-plate-rack-4-case,20-Compartment Dinner Plate Rack  (4/Case),"<h3 style=""text-align: left;"">Detail</h3>
<p>Brand: 10 Strawberry Street</p>
<p>Item number: DIN20</p><h3 style=""text-align: left;"">Shipment</h3>
<p>Sold As Case of 4</p>
<p>Usually ships in 2 to 5 business days</p>
<h3>Specifications</h3>
<table border=""0"" cellpadding=""0"" cellspacing=""0"" width=""261"">
<colgroup><col width=""87"" span=""3""></colgroup>
<tbody>
<tr height=""107"">
<td height=""107"" class=""xl81"" width=""87"" style=""text-align: center;"">Dimensions</td>
<td height=""107"" class=""xl81"" width=""87"" style=""text-align: center;"">Capacity</td>
<td class=""xl82"" width=""87"" style=""text-align: center;"">Product Weight</td>
<td class=""xl81"" width=""87"" style=""text-align: center;"">Ship Weight</td>
</tr>
<tr height=""20"">
<td height=""20"" class=""xl83"" style=""text-align: center;""> 23.5"" X 12.25"" X 12.75""</td>
<td height=""20"" class=""xl83"" style=""text-align: center;""> </td>
<td class=""xl84"" style=""text-align: center;"">10.81</td>
<td class=""xl84"" style=""text-align: center;"">44.74</td>
</tr>
</tbody>
</table>",10 Strawberry Street,Dinnerware Accessories,Other Items,true,Title,Default Title,,,,,DIN20,20294,,deny,manual,230.48,449.28,true,true,,https://cdn.shopify.com/s/files/1/0218/1566/products/DIN20_954fee09-7821-4232-8d9e-f6261d588eed.jpg?v=1571438527,1,20-Compartment Dinner Plate Rack  (4/Case) - iFoodservice Online,false,,,,,,,,,,,,,,,,,lb,,
12-compartment-charger-rack-4-case,12-Compartment Charger Rack  (4/Case),"<h3 left="""" text-align:="""">Detail</h3>
<p>Brand: 10 Strawberry Street</p>
<p>Item number: GPLTR12</p>
<h3 left="""" text-align:="""">Shipment</h3>
<p>Sold As Case of 4 </p>
<p>Usually ships in 2 to 5 business days</p>
<h3>Specifications</h3>
<table border="""" cellpadding="""" cellspacing="""" width="""">
<colgroup><col width="""" span=""""></colgroup>
<tbody>
<tr height="""">
<td height="""" class="""" xl81="""" width="""" text-align:="""" center="""">Dimensions</td>
<td height="""" class="""" xl81="""" width="""" text-align:="""" center="""">Capacity</td>
<td class="""" xl82="""" width="""" text-align:="""" center="""">Product Weight</td>
<td class="""" xl81="""" width="""" text-align:="""" center="""">Ship Weight</td>
</tr>
<tr height="""">
<td height="""" class="""" xl83="""" text-align:="""" center="""">17"""" X 14.5"""" X 14.75""""</td>
<td height="""" class="""" xl83="""" text-align:="""" center=""""></td>
<td class="""" xl84="""" text-align:="""" center="""">11.97</td>
<td class="""" xl84="""" text-align:="""" center="""">49.38</td>
</tr>
</tbody>
</table>",10 Strawberry Street,Dinnerware Accessories,Other Items,true,Title,Default Title,,,,,GPLTR12,22398,,deny,manual,167.65,326.80,true,true,"",https://cdn.shopify.com/s/files/1/0218/1566/products/GPLTR12_83490bbc-ad4c-40db-8483-d86e025bf594.jpg?v=1571438529,1,12-Compartment Charger Rack  (4/Case) - iFoodservice Online,false,,,,,,,,,,,,,,,,,lb,,
bakeware-sienna-red-white-square-baker-4-case,"Bakeware, Sienna Red/White Square Baker  (4/Case)","<h3 style=""text-align: left;"">Detail</h3>
<p>Brand: 10 Strawberry Street</p>
<p>Item number: SIENA-11SQBKR</p><h3 style=""text-align: left;"">Shipment</h3>
<p>Sold As Case of 4</p>
<p>Usually ships in 2 to 5 business days</p>
<h3>Specifications</h3>
<table border=""0"" cellpadding=""0"" cellspacing=""0"" width=""261"">
<colgroup><col width=""87"" span=""3""></colgroup>
<tbody>
<tr height=""107"">
<td height=""107"" class=""xl81"" width=""87"" style=""text-align: center;"">Dimensions</td>
<td height=""107"" class=""xl81"" width=""87"" style=""text-align: center;"">Capacity</td>
<td class=""xl82"" width=""87"" style=""text-align: center;"">Product Weight</td>
<td class=""xl81"" width=""87"" style=""text-align: center;"">Ship Weight</td>
</tr>
<tr height=""20"">
<td height=""20"" class=""xl83"" style=""text-align: center;""></td>
<td height=""20"" class=""xl83"" style=""text-align: center;""> </td>
<td class=""xl84"" style=""text-align: center;"">4.58</td>
<td class=""xl84"" style=""text-align: center;"">19.82</td>
</tr>
</tbody>
</table>",10 Strawberry Street,Bakeware,Siena,true,Title,Default Title,,,,,SIENA-11SQBKR,8990,,deny,manual,42.07,82.00,true,true,,https://cdn.shopify.com/s/files/1/0218/1566/products/SIENA-11SQBKR_b2cdbd54-f2c4-4abb-af22-f8f8c6c0feac.jpg?v=1571438541,1,"Bakeware, Sienna Red/White Square Baker  (4/Case) - iFoodservice Online",false,,,,,,,,,,,,,,,,,lb,,
bakeware-sienna-red-white-rectangular-bakerware-4-case,"Bakeware, Sienna Red/White Rectangular Bakerware  (4/Case)","<h3 style=""text-align: left;"">Detail</h3>
<p>Brand: 10 Strawberry Street</p>
<p>Item number: SIENA-12RECBKR</p><h3 style=""text-align: left;"">Shipment</h3>
<p>Sold As Case of 4</p>
<p>Usually ships in 2 to 5 business days</p>
<h3>Specifications</h3>
<table border=""0"" cellpadding=""0"" cellspacing=""0"" width=""261"">
<colgroup><col width=""87"" span=""3""></colgroup>
<tbody>
<tr height=""107"">
<td height=""107"" class=""xl81"" width=""87"" style=""text-align: center;"">Dimensions</td>
<td height=""107"" class=""xl81"" width=""87"" style=""text-align: center;"">Capacity</td>
<td class=""xl82"" width=""87"" style=""text-align: center;"">Product Weight</td>
<td class=""xl81"" width=""87"" style=""text-align: center;"">Ship Weight</td>
</tr>
<tr height=""20"">
<td height=""20"" class=""xl83"" style=""text-align: center;""></td>
<td height=""20"" class=""xl83"" style=""text-align: center;""> </td>
<td class=""xl84"" style=""text-align: center;"">4.08</td>
<td class=""xl84"" style=""text-align: center;"">17.82</td>
</tr>
</tbody>
</table>",10 Strawberry Street,Bakeware,Siena,true,Title,Default Title,,,,,SIENA-12RECBKR,8083,,deny,manual,42.07,82.00,true,true,,https://cdn.shopify.com/s/files/1/0218/1566/products/SIENA-12RECBKR_c7d0f12b-4ce8-48fa-8c2f-84799ded631f.jpg?v=1571438542,1,"Bakeware, Sienna Red/White Rectangular Bakerware  (4/Case) - iFoodservice Online",false,,,,,,,,,,,,,,,,,lb,,
bakeware-sienna-red-white-oval-bakerware-4-case,"Bakeware, Sienna Red/White Oval Bakerware  (4/Case)","<h3 style=""text-align: left;"">Detail</h3>
<p>Brand: 10 Strawberry Street</p>
<p>Item number: SIENA-13OVLBKR</p><h3 style=""text-align: left;"">Shipment</h3>
<p>Sold As Case of 4</p>
<p>Usually ships in 2 to 5 business days</p>
<h3>Specifications</h3>
<table border=""0"" cellpadding=""0"" cellspacing=""0"" width=""261"">
<colgroup><col width=""87"" span=""3""></colgroup>
<tbody>
<tr height=""107"">
<td height=""107"" class=""xl81"" width=""87"" style=""text-align: center;"">Dimensions</td>
<td height=""107"" class=""xl81"" width=""87"" style=""text-align: center;"">Capacity</td>
<td class=""xl82"" width=""87"" style=""text-align: center;"">Product Weight</td>
<td class=""xl81"" width=""87"" style=""text-align: center;"">Ship Weight</td>
</tr>
<tr height=""20"">
<td height=""20"" class=""xl83"" style=""text-align: center;""></td>
<td height=""20"" class=""xl83"" style=""text-align: center;""> </td>
<td class=""xl84"" style=""text-align: center;"">3.4</td>
<td class=""xl84"" style=""text-align: center;"">15.1</td>
</tr>
</tbody>
</table>",10 Strawberry Street,Bakeware,Siena,true,Title,Default Title,,,,,SIENA-13OVLBKR,6849,,deny,manual,42.07,82.00,true,true,,https://cdn.shopify.com/s/files/1/0218/1566/products/SIENA-13OVLBKR_ab9b3c14-aa3d-4ccc-ac54-adde5a8b3bca.jpg?v=1571438542,1,"Bakeware, Sienna Red/White Oval Bakerware  (4/Case) - iFoodservice Online",false,,,,,,,,,,,,,,,,,lb,,
bakeware-sienna-red-wht-rectangular-bakeware-w-4-case,"Bakeware, Sienna Red/Wht Rectangular Bakeware W/  (4/Case)","<h3 style=""text-align: left;"">Detail</h3>
<p>Brand: 10 Strawberry Street</p>
<p>Item number: SIENA-9RECCVCSS</p><h3 style=""text-align: left;"">Shipment</h3>
<p>Sold As Case of 4</p>
<p>Usually ships in 2 to 5 business days</p>
<h3>Specifications</h3>
<table border=""0"" cellpadding=""0"" cellspacing=""0"" width=""261"">
<colgroup><col width=""87"" span=""3""></colgroup>
<tbody>
<tr height=""107"">
<td height=""107"" class=""xl81"" width=""87"" style=""text-align: center;"">Dimensions</td>
<td height=""107"" class=""xl81"" width=""87"" style=""text-align: center;"">Capacity</td>
<td class=""xl82"" width=""87"" style=""text-align: center;"">Product Weight</td>
<td class=""xl81"" width=""87"" style=""text-align: center;"">Ship Weight</td>
</tr>
<tr height=""20"">
<td height=""20"" class=""xl83"" style=""text-align: center;""></td>
<td height=""20"" class=""xl83"" style=""text-align: center;""> </td>
<td class=""xl84"" style=""text-align: center;"">5.6</td>
<td class=""xl84"" style=""text-align: center;"">23.9</td>
</tr>
</tbody>
</table>",10 Strawberry Street,Bakeware,Siena,true,Title,Default Title,,,,,SIENA-9RECCVCSS,10841,,deny,manual,69.85,136.16,true,true,,https://cdn.shopify.com/s/files/1/0218/1566/products/SIENA-9RECCVCSS_dacb2fce-842a-43f2-8bb2-8d31d18eaaf1.jpg?v=1571438542,1,"Bakeware, Sienna Red/Wht Rectangular Bakeware W/  (4/Case) - iFoodservice Online",false,,,,,,,,,,,,,,,,,lb,,
20-compartment-salad-plate-rack-6-case,20-Compartment Salad Plate Rack  (6/Case),"<h3 style=""text-align: left;"">Detail</h3>
<p>Brand: 10 Strawberry Street</p>
<p>Item number: SLD20</p><h3 style=""text-align: left;"">Shipment</h3>
<p>Sold As Case of 6</p>
<p>Usually ships in 2 to 5 business days</p>
<h3>Specifications</h3>
<table border=""0"" cellpadding=""0"" cellspacing=""0"" width=""261"">
<colgroup><col width=""87"" span=""3""></colgroup>
<tbody>
<tr height=""107"">
<td height=""107"" class=""xl81"" width=""87"" style=""text-align: center;"">Dimensions</td>
<td height=""107"" class=""xl81"" width=""87"" style=""text-align: center;"">Capacity</td>
<td class=""xl82"" width=""87"" style=""text-align: center;"">Product Weight</td>
<td class=""xl81"" width=""87"" style=""text-align: center;"">Ship Weight</td>
</tr>
<tr height=""20"">
<td height=""20"" class=""xl83"" style=""text-align: center;""> 22.5"" X 9.5"" X 9.5""</td>
<td height=""20"" class=""xl83"" style=""text-align: center;""> </td>
<td class=""xl84"" style=""text-align: center;"">7.06</td>
<td class=""xl84"" style=""text-align: center;"">43.86</td>
</tr>
</tbody>
</table>",10 Strawberry Street,Dinnerware Accessories,Other Items,true,Title,Default Title,,,,,SLD20,19895,,deny,manual,219.65,428.16,true,true,,https://cdn.shopify.com/s/files/1/0218/1566/products/SLD20_cf695279-ec65-49d4-9a73-a0202b7981d9.jpg?v=1571438542,1,20-Compartment Salad Plate Rack  (6/Case) - iFoodservice Online,false,,,,,,,,,,,,,,,,,lb,,
